store_id,product_id,quantity_on_hand,reorder_point,target_stock,snapshot_date
1,1,65,9,77,2025-12-31
1,2,26,23,49,2025-12-31
1,3,35,20,48,2025-12-31
1,4,42,24,77,2025-12-31
1,5,20,22,42,2025-12-31
1,6,35,22,71,2025-12-31
1,7,34,14,79,2025-12-31
1,8,3,9,18,2025-12-31
1,9,53,11,53,2025-12-31
1,10,45,25,64,2025-12-31
1,11,23,10,20,2025-12-31
1,12,31,22,63,2025-12-31
1,13,44,23,65,2025-12-31
1,14,30,9,25,2025-12-31
1,15,30,17,58,2025-12-31
1,16,8,11,79,2025-12-31
1,17,44,17,37,2025-12-31
1,18,37,19,59,2025-12-31
1,19,39,25,40,2025-12-31
1,20,7,20,35,2025-12-31
1,21,64,16,37,2025-12-31
1,22,37,15,20,2025-12-31
1,23,28,21,46,2025-12-31
1,24,71,10,67,2025-12-31
1,25,34,14,38,2025-12-31
1,26,8,18,64,2025-12-31
1,27,27,17,16,2025-12-31
1,28,0,19,50,2025-12-31
1,29,53,8,22,2025-12-31
1,30,27,16,38,2025-12-31
1,31,21,11,47,2025-12-31
1,32,54,23,37,2025-12-31
1,33,5,22,50,2025-12-31
1,34,44,24,80,2025-12-31
1,35,0,13,69,2025-12-31
1,36,23,13,76,2025-12-31
1,37,13,25,63,2025-12-31
1,38,61,21,28,2025-12-31
1,39,66,12,23,2025-12-31
1,40,29,24,24,2025-12-31
1,41,50,22,17,2025-12-31
1,42,31,14,29,2025-12-31
1,43,45,13,62,2025-12-31
1,44,21,22,64,2025-12-31
1,45,4,11,57,2025-12-31
1,46,2,10,36,2025-12-31
1,47,41,25,20,2025-12-31
1,48,75,12,40,2025-12-31
1,49,39,14,55,2025-12-31
1,50,25,21,37,2025-12-31
1,51,69,25,52,2025-12-31
1,52,39,9,69,2025-12-31
1,53,36,10,78,2025-12-31
1,54,39,17,28,2025-12-31
1,55,32,10,46,2025-12-31
1,56,29,18,46,2025-12-31
1,57,9,8,42,2025-12-31
1,58,44,12,23,2025-12-31
1,59,33,16,20,2025-12-31
1,60,56,9,69,2025-12-31
1,61,28,16,41,2025-12-31
1,62,0,12,77,2025-12-31
1,63,33,14,74,2025-12-31
1,64,65,11,50,2025-12-31
1,65,28,21,41,2025-12-31
1,66,18,17,55,2025-12-31
1,67,13,19,44,2025-12-31
1,68,16,10,78,2025-12-31
1,69,29,23,21,2025-12-31
1,70,13,18,58,2025-12-31
1,71,61,8,59,2025-12-31
1,72,29,12,32,2025-12-31
1,73,36,15,62,2025-12-31
1,74,60,17,40,2025-12-31
1,75,62,14,58,2025-12-31
1,76,31,16,39,2025-12-31
1,77,40,8,29,2025-12-31
1,78,48,23,52,2025-12-31
1,79,31,15,61,2025-12-31
1,80,2,8,48,2025-12-31
1,81,46,8,73,2025-12-31
1,82,51,15,76,2025-12-31
1,83,42,22,37,2025-12-31
1,84,18,12,72,2025-12-31
1,85,31,18,60,2025-12-31
1,86,24,14,69,2025-12-31
1,87,29,16,74,2025-12-31
1,88,58,10,26,2025-12-31
1,89,62,22,16,2025-12-31
1,90,47,20,22,2025-12-31
1,91,44,8,23,2025-12-31
1,92,47,21,48,2025-12-31
1,93,34,19,43,2025-12-31
1,94,33,14,61,2025-12-31
1,95,22,11,38,2025-12-31
1,96,33,19,37,2025-12-31
1,97,75,24,23,2025-12-31
1,98,50,18,26,2025-12-31
1,99,28,16,35,2025-12-31
1,100,26,16,70,2025-12-31
1,101,19,16,44,2025-12-31
1,102,41,13,64,2025-12-31
1,103,42,20,37,2025-12-31
1,104,9,10,26,2025-12-31
1,105,43,15,71,2025-12-31
1,106,24,20,53,2025-12-31
1,107,60,16,24,2025-12-31
1,108,37,17,77,2025-12-31
1,109,65,13,31,2025-12-31
1,110,26,15,35,2025-12-31
1,111,29,22,44,2025-12-31
1,112,40,8,16,2025-12-31
1,113,54,9,53,2025-12-31
1,114,45,21,22,2025-12-31
1,115,12,18,58,2025-12-31
1,116,38,8,24,2025-12-31
1,117,35,14,20,2025-12-31
1,118,27,18,15,2025-12-31
1,119,23,13,32,2025-12-31
1,120,66,14,41,2025-12-31
1,121,27,12,45,2025-12-31
1,122,19,20,49,2025-12-31
1,123,46,19,70,2025-12-31
1,124,37,10,44,2025-12-31
1,125,33,19,76,2025-12-31
1,126,49,23,78,2025-12-31
1,127,43,19,42,2025-12-31
1,128,41,14,38,2025-12-31
1,129,52,9,53,2025-12-31
1,130,40,15,80,2025-12-31
1,131,23,10,67,2025-12-31
1,132,28,8,28,2025-12-31
1,133,25,22,53,2025-12-31
1,134,38,15,69,2025-12-31
1,135,15,11,37,2025-12-31
1,136,2,14,34,2025-12-31
1,137,36,8,56,2025-12-31
1,138,10,17,37,2025-12-31
1,139,0,12,36,2025-12-31
1,140,41,22,21,2025-12-31
1,141,22,15,37,2025-12-31
1,142,43,20,36,2025-12-31
1,143,25,13,17,2025-12-31
1,144,14,9,71,2025-12-31
1,145,12,20,44,2025-12-31
1,146,25,12,32,2025-12-31
1,147,30,14,50,2025-12-31
1,148,20,25,23,2025-12-31
1,149,29,19,61,2025-12-31
1,150,7,16,78,2025-12-31
1,151,35,21,54,2025-12-31
1,152,2,15,33,2025-12-31
1,153,31,20,71,2025-12-31
1,154,47,12,22,2025-12-31
1,155,54,23,48,2025-12-31
1,156,65,24,61,2025-12-31
1,157,6,22,60,2025-12-31
1,158,48,8,63,2025-12-31
1,159,56,14,52,2025-12-31
1,160,52,11,36,2025-12-31
1,161,18,24,61,2025-12-31
1,162,42,15,50,2025-12-31
1,163,68,22,49,2025-12-31
1,164,8,17,36,2025-12-31
1,165,43,15,77,2025-12-31
1,166,55,19,53,2025-12-31
1,167,22,17,29,2025-12-31
1,168,45,19,42,2025-12-31
1,169,15,12,35,2025-12-31
1,170,20,13,49,2025-12-31
1,171,20,24,45,2025-12-31
1,172,38,25,77,2025-12-31
1,173,33,19,78,2025-12-31
1,174,52,17,51,2025-12-31
1,175,18,19,40,2025-12-31
1,176,32,10,41,2025-12-31
1,177,52,22,45,2025-12-31
1,178,45,22,33,2025-12-31
1,179,11,17,25,2025-12-31
1,180,46,18,19,2025-12-31
2,1,26,21,71,2025-12-31
2,2,41,25,33,2025-12-31
2,3,40,15,51,2025-12-31
2,4,56,22,34,2025-12-31
2,5,37,21,68,2025-12-31
2,6,1,21,15,2025-12-31
2,7,10,16,61,2025-12-31
2,8,48,16,53,2025-12-31
2,9,30,22,67,2025-12-31
2,10,55,10,59,2025-12-31
2,11,39,8,43,2025-12-31
2,12,21,13,24,2025-12-31
2,13,54,21,22,2025-12-31
2,14,20,18,63,2025-12-31
2,15,0,12,62,2025-12-31
2,16,72,21,47,2025-12-31
2,17,0,14,36,2025-12-31
2,18,46,14,79,2025-12-31
2,19,51,15,15,2025-12-31
2,20,37,10,64,2025-12-31
2,21,4,20,40,2025-12-31
2,22,53,20,78,2025-12-31
2,23,9,9,53,2025-12-31
2,24,10,25,37,2025-12-31
2,25,28,10,17,2025-12-31
2,26,49,8,38,2025-12-31
2,27,40,25,45,2025-12-31
2,28,49,12,31,2025-12-31
2,29,27,25,56,2025-12-31
2,30,31,20,41,2025-12-31
2,31,14,15,29,2025-12-31
2,32,29,8,18,2025-12-31
2,33,45,13,26,2025-12-31
2,34,29,16,55,2025-12-31
2,35,43,15,16,2025-12-31
2,36,24,18,54,2025-12-31
2,37,24,16,71,2025-12-31
2,38,35,13,62,2025-12-31
2,39,31,16,64,2025-12-31
2,40,45,14,62,2025-12-31
2,41,38,19,44,2025-12-31
2,42,66,25,48,2025-12-31
2,43,31,20,32,2025-12-31
2,44,30,12,72,2025-12-31
2,45,16,14,63,2025-12-31
2,46,35,8,50,2025-12-31
2,47,47,25,68,2025-12-31
2,48,21,17,34,2025-12-31
2,49,34,14,25,2025-12-31
2,50,47,12,17,2025-12-31
2,51,32,13,76,2025-12-31
2,52,25,20,49,2025-12-31
2,53,52,20,24,2025-12-31
2,54,36,24,59,2025-12-31
2,55,42,21,24,2025-12-31
2,56,56,19,17,2025-12-31
2,57,55,22,78,2025-12-31
2,58,28,14,75,2025-12-31
2,59,25,13,42,2025-12-31
2,60,40,16,21,2025-12-31
2,61,32,10,20,2025-12-31
2,62,0,15,22,2025-12-31
2,63,57,22,75,2025-12-31
2,64,35,21,64,2025-12-31
2,65,48,23,39,2025-12-31
2,66,13,19,59,2025-12-31
2,67,58,14,53,2025-12-31
2,68,24,21,63,2025-12-31
2,69,33,13,15,2025-12-31
2,70,9,18,76,2025-12-31
2,71,31,17,77,2025-12-31
2,72,30,12,29,2025-12-31
2,73,31,25,22,2025-12-31
2,74,42,17,52,2025-12-31
2,75,36,15,26,2025-12-31
2,76,52,8,55,2025-12-31
2,77,26,16,63,2025-12-31
2,78,17,16,52,2025-12-31
2,79,34,21,37,2025-12-31
2,80,46,23,55,2025-12-31
2,81,57,24,68,2025-12-31
2,82,49,13,56,2025-12-31
2,83,3,17,22,2025-12-31
2,84,41,20,60,2025-12-31
2,85,61,15,17,2025-12-31
2,86,36,20,25,2025-12-31
2,87,25,13,59,2025-12-31
2,88,40,20,25,2025-12-31
2,89,25,17,66,2025-12-31
2,90,46,21,55,2025-12-31
2,91,34,25,40,2025-12-31
2,92,60,23,71,2025-12-31
2,93,43,13,53,2025-12-31
2,94,21,10,28,2025-12-31
2,95,45,16,33,2025-12-31
2,96,51,15,20,2025-12-31
2,97,24,13,32,2025-12-31
2,98,27,19,30,2025-12-31
2,99,0,25,76,2025-12-31
2,100,51,13,34,2025-12-31
2,101,24,13,74,2025-12-31
2,102,0,19,73,2025-12-31
2,103,3,15,54,2025-12-31
2,104,30,12,49,2025-12-31
2,105,48,23,56,2025-12-31
2,106,33,20,36,2025-12-31
2,107,43,24,53,2025-12-31
2,108,15,11,32,2025-12-31
2,109,10,22,23,2025-12-31
2,110,50,11,69,2025-12-31
2,111,43,20,32,2025-12-31
2,112,34,18,30,2025-12-31
2,113,58,10,67,2025-12-31
2,114,17,15,22,2025-12-31
2,115,27,19,24,2025-12-31
2,116,53,10,45,2025-12-31
2,117,68,9,47,2025-12-31
2,118,35,25,73,2025-12-31
2,119,65,14,28,2025-12-31
2,120,24,22,16,2025-12-31
2,121,40,22,59,2025-12-31
2,122,31,11,39,2025-12-31
2,123,6,11,60,2025-12-31
2,124,39,10,33,2025-12-31
2,125,51,13,59,2025-12-31
2,126,32,22,40,2025-12-31
2,127,33,9,72,2025-12-31
2,128,60,24,54,2025-12-31
2,129,12,17,32,2025-12-31
2,130,8,18,75,2025-12-31
2,131,23,16,33,2025-12-31
2,132,13,14,52,2025-12-31
2,133,59,24,42,2025-12-31
2,134,40,14,30,2025-12-31
2,135,19,10,26,2025-12-31
2,136,23,21,66,2025-12-31
2,137,86,21,25,2025-12-31
2,138,24,18,52,2025-12-31
2,139,21,13,80,2025-12-31
2,140,40,15,75,2025-12-31
2,141,46,25,32,2025-12-31
2,142,38,12,59,2025-12-31
2,143,18,19,43,2025-12-31
2,144,14,16,78,2025-12-31
2,145,45,19,78,2025-12-31
2,146,34,13,24,2025-12-31
2,147,5,12,22,2025-12-31
2,148,56,19,52,2025-12-31
2,149,48,22,28,2025-12-31
2,150,30,15,59,2025-12-31
2,151,30,14,41,2025-12-31
2,152,39,10,71,2025-12-31
2,153,22,20,18,2025-12-31
2,154,10,15,57,2025-12-31
2,155,40,12,29,2025-12-31
2,156,9,9,33,2025-12-31
2,157,42,16,68,2025-12-31
2,158,9,19,50,2025-12-31
2,159,33,13,71,2025-12-31
2,160,32,10,68,2025-12-31
2,161,67,21,53,2025-12-31
2,162,15,20,32,2025-12-31
2,163,9,10,58,2025-12-31
2,164,23,9,27,2025-12-31
2,165,14,19,73,2025-12-31
2,166,24,15,72,2025-12-31
2,167,42,14,19,2025-12-31
2,168,48,16,78,2025-12-31
2,169,64,11,17,2025-12-31
2,170,21,12,50,2025-12-31
2,171,82,21,65,2025-12-31
2,172,70,14,34,2025-12-31
2,173,31,20,34,2025-12-31
2,174,0,19,69,2025-12-31
2,175,33,19,30,2025-12-31
2,176,36,12,29,2025-12-31
2,177,0,22,59,2025-12-31
2,178,36,16,64,2025-12-31
2,179,31,16,34,2025-12-31
2,180,20,8,39,2025-12-31
3,1,46,8,28,2025-12-31
3,2,53,8,41,2025-12-31
3,3,26,10,39,2025-12-31
3,4,39,24,15,2025-12-31
3,5,23,24,30,2025-12-31
3,6,20,8,45,2025-12-31
3,7,36,23,58,2025-12-31
3,8,44,19,66,2025-12-31
3,9,24,10,55,2025-12-31
3,10,0,18,20,2025-12-31
3,11,45,14,71,2025-12-31
3,12,6,19,52,2025-12-31
3,13,37,14,62,2025-12-31
3,14,67,16,47,2025-12-31
3,15,34,8,56,2025-12-31
3,16,13,19,80,2025-12-31
3,17,8,13,15,2025-12-31
3,18,56,21,78,2025-12-31
3,19,34,11,19,2025-12-31
3,20,44,17,77,2025-12-31
3,21,51,21,34,2025-12-31
3,22,34,13,59,2025-12-31
3,23,29,11,75,2025-12-31
3,24,17,19,76,2025-12-31
3,25,0,8,76,2025-12-31
3,26,7,23,62,2025-12-31
3,27,33,18,70,2025-12-31
3,28,31,20,29,2025-12-31
3,29,42,23,19,2025-12-31
3,30,32,25,58,2025-12-31
3,31,37,24,30,2025-12-31
3,32,49,8,63,2025-12-31
3,33,19,21,61,2025-12-31
3,34,29,24,49,2025-12-31
3,35,6,21,71,2025-12-31
3,36,52,18,38,2025-12-31
3,37,35,10,42,2025-12-31
3,38,43,15,59,2025-12-31
3,39,62,11,68,2025-12-31
3,40,54,22,53,2025-12-31
3,41,33,14,78,2025-12-31
3,42,49,13,33,2025-12-31
3,43,9,17,46,2025-12-31
3,44,42,18,49,2025-12-31
3,45,37,24,35,2025-12-31
3,46,5,9,72,2025-12-31
3,47,59,18,24,2025-12-31
3,48,22,24,31,2025-12-31
3,49,47,20,45,2025-12-31
3,50,27,14,73,2025-12-31
3,51,52,21,43,2025-12-31
3,52,58,16,51,2025-12-31
3,53,20,15,28,2025-12-31
3,54,7,23,73,2025-12-31
3,55,32,11,20,2025-12-31
3,56,50,11,37,2025-12-31
3,57,28,17,55,2025-12-31
3,58,23,9,70,2025-12-31
3,59,43,8,49,2025-12-31
3,60,0,14,71,2025-12-31
3,61,23,22,24,2025-12-31
3,62,10,19,37,2025-12-31
3,63,40,13,46,2025-12-31
3,64,21,8,47,2025-12-31
3,65,14,24,31,2025-12-31
3,66,28,24,36,2025-12-31
3,67,8,15,73,2025-12-31
3,68,34,9,30,2025-12-31
3,69,22,20,60,2025-12-31
3,70,28,21,73,2025-12-31
3,71,22,10,80,2025-12-31
3,72,51,21,49,2025-12-31
3,73,33,24,17,2025-12-31
3,74,44,17,27,2025-12-31
3,75,43,23,76,2025-12-31
3,76,20,23,45,2025-12-31
3,77,45,25,16,2025-12-31
3,78,41,11,74,2025-12-31
3,79,40,8,55,2025-12-31
3,80,27,18,48,2025-12-31
3,81,27,19,40,2025-12-31
3,82,49,23,64,2025-12-31
3,83,74,20,34,2025-12-31
3,84,20,16,59,2025-12-31
3,85,44,21,27,2025-12-31
3,86,28,12,25,2025-12-31
3,87,49,16,40,2025-12-31
3,88,42,20,39,2025-12-31
3,89,54,21,72,2025-12-31
3,90,0,24,72,2025-12-31
3,91,24,25,58,2025-12-31
3,92,17,19,67,2025-12-31
3,93,33,24,48,2025-12-31
3,94,21,19,73,2025-12-31
3,95,23,16,19,2025-12-31
3,96,47,14,30,2025-12-31
3,97,69,12,17,2025-12-31
3,98,0,20,59,2025-12-31
3,99,29,20,70,2025-12-31
3,100,40,18,55,2025-12-31
3,101,35,13,53,2025-12-31
3,102,28,14,53,2025-12-31
3,103,10,24,78,2025-12-31
3,104,18,23,29,2025-12-31
3,105,48,20,41,2025-12-31
3,106,54,24,60,2025-12-31
3,107,36,18,33,2025-12-31
3,108,19,25,80,2025-12-31
3,109,36,8,47,2025-12-31
3,110,30,18,64,2025-12-31
3,111,44,12,57,2025-12-31
3,112,37,15,77,2025-12-31
3,113,23,22,70,2025-12-31
3,114,38,25,55,2025-12-31
3,115,13,24,28,2025-12-31
3,116,49,24,42,2025-12-31
3,117,56,10,39,2025-12-31
3,118,13,9,53,2025-12-31
3,119,42,23,22,2025-12-31
3,120,17,17,42,2025-12-31
3,121,54,15,32,2025-12-31
3,122,51,22,70,2025-12-31
3,123,30,15,64,2025-12-31
3,124,52,25,79,2025-12-31
3,125,27,12,33,2025-12-31
3,126,23,14,62,2025-12-31
3,127,24,24,58,2025-12-31
3,128,32,24,76,2025-12-31
3,129,29,16,20,2025-12-31
3,130,37,8,60,2025-12-31
3,131,23,24,77,2025-12-31
3,132,48,22,40,2025-12-31
3,133,53,8,53,2025-12-31
3,134,26,17,45,2025-12-31
3,135,9,25,20,2025-12-31
3,136,48,16,57,2025-12-31
3,137,55,22,16,2025-12-31
3,138,32,23,54,2025-12-31
3,139,11,17,55,2025-12-31
3,140,39,24,59,2025-12-31
3,141,62,24,49,2025-12-31
3,142,1,24,67,2025-12-31
3,143,43,22,61,2025-12-31
3,144,29,12,43,2025-12-31
3,145,19,15,60,2025-12-31
3,146,43,19,23,2025-12-31
3,147,11,18,41,2025-12-31
3,148,40,17,66,2025-12-31
3,149,58,14,53,2025-12-31
3,150,38,23,67,2025-12-31
3,151,19,8,80,2025-12-31
3,152,2,11,36,2025-12-31
3,153,11,18,51,2025-12-31
3,154,1,16,20,2025-12-31
3,155,63,17,31,2025-12-31
3,156,30,24,77,2025-12-31
3,157,16,11,69,2025-12-31
3,158,11,25,24,2025-12-31
3,159,15,9,67,2025-12-31
3,160,28,11,69,2025-12-31
3,161,11,15,56,2025-12-31
3,162,65,23,69,2025-12-31
3,163,21,9,33,2025-12-31
3,164,20,25,52,2025-12-31
3,165,40,25,73,2025-12-31
3,166,61,21,61,2025-12-31
3,167,58,22,47,2025-12-31
3,168,26,25,71,2025-12-31
3,169,39,8,21,2025-12-31
3,170,37,20,19,2025-12-31
3,171,44,10,33,2025-12-31
3,172,39,18,72,2025-12-31
3,173,18,11,35,2025-12-31
3,174,12,12,28,2025-12-31
3,175,38,15,24,2025-12-31
3,176,13,19,34,2025-12-31
3,177,59,23,70,2025-12-31
3,178,35,17,59,2025-12-31
3,179,16,20,43,2025-12-31
3,180,29,19,32,2025-12-31
4,1,25,19,61,2025-12-31
4,2,32,12,57,2025-12-31
4,3,52,11,32,2025-12-31
4,4,9,14,29,2025-12-31
4,5,1,9,67,2025-12-31
4,6,41,13,66,2025-12-31
4,7,31,8,58,2025-12-31
4,8,37,15,67,2025-12-31
4,9,43,14,46,2025-12-31
4,10,31,14,19,2025-12-31
4,11,49,10,36,2025-12-31
4,12,18,10,72,2025-12-31
4,13,36,20,71,2025-12-31
4,14,20,23,23,2025-12-31
4,15,14,13,51,2025-12-31
4,16,46,14,74,2025-12-31
4,17,45,17,16,2025-12-31
4,18,0,15,51,2025-12-31
4,19,14,9,73,2025-12-31
4,20,40,15,43,2025-12-31
4,21,54,13,36,2025-12-31
4,22,23,18,30,2025-12-31
4,23,31,19,71,2025-12-31
4,24,9,11,30,2025-12-31
4,25,80,12,67,2025-12-31
4,26,43,19,45,2025-12-31
4,27,51,22,25,2025-12-31
4,28,46,10,45,2025-12-31
4,29,51,17,38,2025-12-31
4,30,45,21,64,2025-12-31
4,31,28,11,49,2025-12-31
4,32,48,19,58,2025-12-31
4,33,36,23,35,2025-12-31
4,34,58,18,31,2025-12-31
4,35,21,17,80,2025-12-31
4,36,25,25,26,2025-12-31
4,37,46,21,68,2025-12-31
4,38,58,25,16,2025-12-31
4,39,37,13,71,2025-12-31
4,40,22,14,49,2025-12-31
4,41,32,21,69,2025-12-31
4,42,26,12,69,2025-12-31
4,43,69,25,77,2025-12-31
4,44,51,9,55,2025-12-31
4,45,57,19,46,2025-12-31
4,46,40,22,29,2025-12-31
4,47,25,12,35,2025-12-31
4,48,56,25,53,2025-12-31
4,49,64,18,43,2025-12-31
4,50,45,17,66,2025-12-31
4,51,34,15,76,2025-12-31
4,52,54,21,25,2025-12-31
4,53,28,12,59,2025-12-31
4,54,48,17,71,2025-12-31
4,55,22,10,24,2025-12-31
4,56,17,22,55,2025-12-31
4,57,45,25,46,2025-12-31
4,58,41,15,55,2025-12-31
4,59,69,21,79,2025-12-31
4,60,29,15,75,2025-12-31
4,61,35,21,61,2025-12-31
4,62,14,25,38,2025-12-31
4,63,1,21,40,2025-12-31
4,64,2,10,32,2025-12-31
4,65,43,18,21,2025-12-31
4,66,13,23,57,2025-12-31
4,67,55,14,80,2025-12-31
4,68,60,9,55,2025-12-31
4,69,29,23,34,2025-12-31
4,70,64,23,51,2025-12-31
4,71,39,21,55,2025-12-31
4,72,55,8,41,2025-12-31
4,73,30,15,43,2025-12-31
4,74,52,19,52,2025-12-31
4,75,18,17,79,2025-12-31
4,76,46,11,59,2025-12-31
4,77,26,13,33,2025-12-31
4,78,32,20,74,2025-12-31
4,79,46,21,51,2025-12-31
4,80,38,11,77,2025-12-31
4,81,33,23,15,2025-12-31
4,82,48,16,77,2025-12-31
4,83,49,8,74,2025-12-31
4,84,10,12,71,2025-12-31
4,85,45,19,57,2025-12-31
4,86,47,20,37,2025-12-31
4,87,21,25,63,2025-12-31
4,88,41,25,51,2025-12-31
4,89,11,10,58,2025-12-31
4,90,60,16,52,2025-12-31
4,91,30,8,61,2025-12-31
4,92,33,23,79,2025-12-31
4,93,56,9,78,2025-12-31
4,94,32,21,59,2025-12-31
4,95,45,15,80,2025-12-31
4,96,16,9,57,2025-12-31
4,97,24,9,29,2025-12-31
4,98,9,9,28,2025-12-31
4,99,31,9,62,2025-12-31
4,100,53,18,22,2025-12-31
4,101,39,15,18,2025-12-31
4,102,50,14,35,2025-12-31
4,103,16,25,56,2025-12-31
4,104,19,20,35,2025-12-31
4,105,26,19,67,2025-12-31
4,106,45,19,66,2025-12-31
4,107,41,11,78,2025-12-31
4,108,34,15,19,2025-12-31
4,109,46,21,30,2025-12-31
4,110,32,18,43,2025-12-31
4,111,34,12,34,2025-12-31
4,112,58,11,51,2025-12-31
4,113,24,15,47,2025-12-31
4,114,38,14,20,2025-12-31
4,115,64,11,76,2025-12-31
4,116,36,20,18,2025-12-31
4,117,47,23,15,2025-12-31
4,118,24,19,27,2025-12-31
4,119,70,12,40,2025-12-31
4,120,0,22,59,2025-12-31
4,121,14,19,45,2025-12-31
4,122,16,13,69,2025-12-31
4,123,64,12,54,2025-12-31
4,124,41,23,27,2025-12-31
4,125,30,25,31,2025-12-31
4,126,11,13,73,2025-12-31
4,127,41,18,53,2025-12-31
4,128,37,9,80,2025-12-31
4,129,22,10,18,2025-12-31
4,130,8,19,32,2025-12-31
4,131,15,19,27,2025-12-31
4,132,38,15,35,2025-12-31
4,133,40,24,39,2025-12-31
4,134,36,11,44,2025-12-31
4,135,32,10,48,2025-12-31
4,136,3,25,62,2025-12-31
4,137,35,25,48,2025-12-31
4,138,16,9,19,2025-12-31
4,139,35,10,26,2025-12-31
4,140,43,20,48,2025-12-31
4,141,22,12,78,2025-12-31
4,142,16,8,47,2025-12-31
4,143,52,17,24,2025-12-31
4,144,41,16,38,2025-12-31
4,145,23,20,21,2025-12-31
4,146,0,10,50,2025-12-31
4,147,34,9,57,2025-12-31
4,148,46,19,28,2025-12-31
4,149,55,12,16,2025-12-31
4,150,22,12,70,2025-12-31
4,151,23,13,63,2025-12-31
4,152,27,18,34,2025-12-31
4,153,50,9,31,2025-12-31
4,154,13,8,16,2025-12-31
4,155,32,23,76,2025-12-31
4,156,18,23,41,2025-12-31
4,157,39,24,43,2025-12-31
4,158,7,24,34,2025-12-31
4,159,41,24,76,2025-12-31
4,160,26,23,58,2025-12-31
4,161,30,12,54,2025-12-31
4,162,44,11,28,2025-12-31
4,163,55,20,19,2025-12-31
4,164,4,25,31,2025-12-31
4,165,53,20,27,2025-12-31
4,166,45,16,64,2025-12-31
4,167,29,14,60,2025-12-31
4,168,60,14,73,2025-12-31
4,169,38,9,44,2025-12-31
4,170,58,24,53,2025-12-31
4,171,24,21,23,2025-12-31
4,172,19,8,79,2025-12-31
4,173,57,17,31,2025-12-31
4,174,73,23,49,2025-12-31
4,175,46,18,37,2025-12-31
4,176,51,21,59,2025-12-31
4,177,26,22,31,2025-12-31
4,178,11,19,26,2025-12-31
4,179,30,20,75,2025-12-31
4,180,62,8,73,2025-12-31
5,1,1,12,20,2025-12-31
5,2,26,23,45,2025-12-31
5,3,0,21,55,2025-12-31
5,4,36,10,80,2025-12-31
5,5,50,12,58,2025-12-31
5,6,12,15,58,2025-12-31
5,7,27,25,52,2025-12-31
5,8,58,24,49,2025-12-31
5,9,33,18,30,2025-12-31
5,10,12,11,78,2025-12-31
5,11,11,17,57,2025-12-31
5,12,0,9,60,2025-12-31
5,13,48,20,48,2025-12-31
5,14,21,19,62,2025-12-31
5,15,53,10,25,2025-12-31
5,16,50,22,15,2025-12-31
5,17,23,9,24,2025-12-31
5,18,25,24,18,2025-12-31
5,19,49,14,49,2025-12-31
5,20,37,21,24,2025-12-31
5,21,39,19,38,2025-12-31
5,22,5,10,47,2025-12-31
5,23,51,18,38,2025-12-31
5,24,19,10,72,2025-12-31
5,25,0,13,37,2025-12-31
5,26,23,10,44,2025-12-31
5,27,42,21,31,2025-12-31
5,28,72,19,45,2025-12-31
5,29,28,21,64,2025-12-31
5,30,11,23,28,2025-12-31
5,31,73,15,37,2025-12-31
5,32,37,15,26,2025-12-31
5,33,30,12,78,2025-12-31
5,34,15,22,60,2025-12-31
5,35,16,22,29,2025-12-31
5,36,61,22,79,2025-12-31
5,37,30,22,30,2025-12-31
5,38,25,12,79,2025-12-31
5,39,25,19,75,2025-12-31
5,40,63,16,19,2025-12-31
5,41,24,25,75,2025-12-31
5,42,46,13,76,2025-12-31
5,43,39,21,44,2025-12-31
5,44,39,13,22,2025-12-31
5,45,19,20,23,2025-12-31
5,46,46,20,34,2025-12-31
5,47,63,19,40,2025-12-31
5,48,34,14,34,2025-12-31
5,49,18,13,28,2025-12-31
5,50,11,12,31,2025-12-31
5,51,38,15,26,2025-12-31
5,52,30,21,59,2025-12-31
5,53,33,19,15,2025-12-31
5,54,35,22,56,2025-12-31
5,55,8,10,35,2025-12-31
5,56,49,13,19,2025-12-31
5,57,39,24,80,2025-12-31
5,58,33,13,72,2025-12-31
5,59,39,12,15,2025-12-31
5,60,51,23,51,2025-12-31
5,61,35,8,33,2025-12-31
5,62,19,25,58,2025-12-31
5,63,55,20,77,2025-12-31
5,64,27,13,77,2025-12-31
5,65,21,8,25,2025-12-31
5,66,6,21,36,2025-12-31
5,67,35,24,58,2025-12-31
5,68,16,15,74,2025-12-31
5,69,25,12,37,2025-12-31
5,70,43,15,32,2025-12-31
5,71,35,10,56,2025-12-31
5,72,53,24,54,2025-12-31
5,73,40,21,33,2025-12-31
5,74,27,21,37,2025-12-31
5,75,29,22,71,2025-12-31
5,76,25,14,23,2025-12-31
5,77,46,14,62,2025-12-31
5,78,35,25,61,2025-12-31
5,79,27,17,42,2025-12-31
5,80,50,10,62,2025-12-31
5,81,36,18,59,2025-12-31
5,82,26,14,26,2025-12-31
5,83,7,17,16,2025-12-31
5,84,42,13,51,2025-12-31
5,85,39,11,53,2025-12-31
5,86,35,17,51,2025-12-31
5,87,27,9,18,2025-12-31
5,88,19,9,37,2025-12-31
5,89,30,10,65,2025-12-31
5,90,39,21,42,2025-12-31
5,91,32,10,25,2025-12-31
5,92,32,19,66,2025-12-31
5,93,26,19,68,2025-12-31
5,94,41,25,77,2025-12-31
5,95,39,12,70,2025-12-31
5,96,21,9,29,2025-12-31
5,97,48,17,80,2025-12-31
5,98,49,22,62,2025-12-31
5,99,49,23,31,2025-12-31
5,100,32,24,62,2025-12-31
5,101,31,14,40,2025-12-31
5,102,14,18,45,2025-12-31
5,103,48,15,36,2025-12-31
5,104,0,20,31,2025-12-31
5,105,27,19,72,2025-12-31
5,106,28,12,54,2025-12-31
5,107,50,8,50,2025-12-31
5,108,34,24,44,2025-12-31
5,109,17,18,21,2025-12-31
5,110,9,20,63,2025-12-31
5,111,21,8,30,2025-12-31
5,112,36,8,34,2025-12-31
5,113,35,8,52,2025-12-31
5,114,31,8,17,2025-12-31
5,115,22,17,68,2025-12-31
5,116,31,12,30,2025-12-31
5,117,52,17,39,2025-12-31
5,118,15,9,58,2025-12-31
5,119,35,14,75,2025-12-31
5,120,64,21,51,2025-12-31
5,121,44,25,53,2025-12-31
5,122,26,13,77,2025-12-31
5,123,46,16,44,2025-12-31
5,124,21,13,49,2025-12-31
5,125,35,8,68,2025-12-31
5,126,62,15,78,2025-12-31
5,127,69,11,26,2025-12-31
5,128,4,23,67,2025-12-31
5,129,47,17,31,2025-12-31
5,130,70,15,57,2025-12-31
5,131,25,17,39,2025-12-31
5,132,39,9,50,2025-12-31
5,133,62,18,53,2025-12-31
5,134,26,11,32,2025-12-31
5,135,43,10,17,2025-12-31
5,136,33,9,61,2025-12-31
5,137,0,25,39,2025-12-31
5,138,41,19,69,2025-12-31
5,139,31,11,66,2025-12-31
5,140,51,8,59,2025-12-31
5,141,72,17,48,2025-12-31
5,142,47,13,27,2025-12-31
5,143,28,23,72,2025-12-31
5,144,43,11,44,2025-12-31
5,145,38,20,39,2025-12-31
5,146,53,19,66,2025-12-31
5,147,9,20,24,2025-12-31
5,148,14,20,70,2025-12-31
5,149,0,16,67,2025-12-31
5,150,45,11,21,2025-12-31
5,151,34,11,47,2025-12-31
5,152,23,23,75,2025-12-31
5,153,21,11,74,2025-12-31
5,154,24,25,67,2025-12-31
5,155,18,21,40,2025-12-31
5,156,29,22,80,2025-12-31
5,157,26,12,28,2025-12-31
5,158,60,25,76,2025-12-31
5,159,40,24,46,2025-12-31
5,160,20,14,37,2025-12-31
5,161,24,13,69,2025-12-31
5,162,56,8,47,2025-12-31
5,163,43,19,23,2025-12-31
5,164,40,19,20,2025-12-31
5,165,47,9,77,2025-12-31
5,166,63,9,19,2025-12-31
5,167,13,20,15,2025-12-31
5,168,21,13,70,2025-12-31
5,169,3,9,71,2025-12-31
5,170,43,15,75,2025-12-31
5,171,28,15,48,2025-12-31
5,172,22,18,60,2025-12-31
5,173,21,24,39,2025-12-31
5,174,47,24,77,2025-12-31
5,175,32,21,69,2025-12-31
5,176,25,9,79,2025-12-31
5,177,57,17,31,2025-12-31
5,178,16,24,15,2025-12-31
5,179,12,12,50,2025-12-31
5,180,81,19,36,2025-12-31
6,1,28,14,24,2025-12-31
6,2,25,16,40,2025-12-31
6,3,21,23,38,2025-12-31
6,4,32,22,67,2025-12-31
6,5,49,17,26,2025-12-31
6,6,48,25,15,2025-12-31
6,7,44,24,32,2025-12-31
6,8,29,10,48,2025-12-31
6,9,8,25,15,2025-12-31
6,10,40,11,53,2025-12-31
6,11,62,14,76,2025-12-31
6,12,54,20,79,2025-12-31
6,13,31,14,28,2025-12-31
6,14,49,24,59,2025-12-31
6,15,28,23,24,2025-12-31
6,16,34,23,38,2025-12-31
6,17,12,15,66,2025-12-31
6,18,29,12,76,2025-12-31
6,19,37,22,37,2025-12-31
6,20,31,8,33,2025-12-31
6,21,48,15,19,2025-12-31
6,22,68,10,75,2025-12-31
6,23,58,15,55,2025-12-31
6,24,29,8,19,2025-12-31
6,25,21,13,76,2025-12-31
6,26,23,11,72,2025-12-31
6,27,17,14,45,2025-12-31
6,28,35,8,72,2025-12-31
6,29,42,12,63,2025-12-31
6,30,38,19,28,2025-12-31
6,31,38,24,55,2025-12-31
6,32,37,25,49,2025-12-31
6,33,32,24,64,2025-12-31
6,34,21,16,28,2025-12-31
6,35,66,24,59,2025-12-31
6,36,53,18,64,2025-12-31
6,37,18,22,65,2025-12-31
6,38,18,20,63,2025-12-31
6,39,24,22,28,2025-12-31
6,40,35,24,42,2025-12-31
6,41,57,15,63,2025-12-31
6,42,53,22,80,2025-12-31
6,43,54,22,53,2025-12-31
6,44,54,19,15,2025-12-31
6,45,54,14,40,2025-12-31
6,46,48,23,65,2025-12-31
6,47,43,19,29,2025-12-31
6,48,32,24,55,2025-12-31
6,49,3,8,17,2025-12-31
6,50,32,9,34,2025-12-31
6,51,67,13,46,2025-12-31
6,52,25,20,38,2025-12-31
6,53,23,21,50,2025-12-31
6,54,53,14,31,2025-12-31
6,55,36,19,38,2025-12-31
6,56,26,19,15,2025-12-31
6,57,63,18,46,2025-12-31
6,58,46,9,22,2025-12-31
6,59,48,19,49,2025-12-31
6,60,24,22,16,2025-12-31
6,61,43,21,67,2025-12-31
6,62,41,9,16,2025-12-31
6,63,48,8,57,2025-12-31
6,64,55,24,79,2025-12-31
6,65,55,15,22,2025-12-31
6,66,38,10,58,2025-12-31
6,67,47,17,56,2025-12-31
6,68,14,9,54,2025-12-31
6,69,46,19,48,2025-12-31
6,70,47,17,42,2025-12-31
6,71,28,10,18,2025-12-31
6,72,21,18,28,2025-12-31
6,73,33,19,18,2025-12-31
6,74,13,16,47,2025-12-31
6,75,41,17,32,2025-12-31
6,76,40,10,71,2025-12-31
6,77,17,14,57,2025-12-31
6,78,35,23,28,2025-12-31
6,79,54,10,36,2025-12-31
6,80,54,24,20,2025-12-31
6,81,53,21,62,2025-12-31
6,82,32,13,63,2025-12-31
6,83,28,17,26,2025-12-31
6,84,27,10,37,2025-12-31
6,85,45,25,39,2025-12-31
6,86,77,12,74,2025-12-31
6,87,60,20,77,2025-12-31
6,88,63,16,39,2025-12-31
6,89,59,22,74,2025-12-31
6,90,5,14,74,2025-12-31
6,91,31,23,59,2025-12-31
6,92,27,11,76,2025-12-31
6,93,57,21,53,2025-12-31
6,94,65,18,62,2025-12-31
6,95,23,22,64,2025-12-31
6,96,35,25,35,2025-12-31
6,97,45,8,28,2025-12-31
6,98,26,8,38,2025-12-31
6,99,23,17,55,2025-12-31
6,100,22,8,63,2025-12-31
6,101,50,14,64,2025-12-31
6,102,18,10,80,2025-12-31
6,103,55,25,49,2025-12-31
6,104,36,13,47,2025-12-31
6,105,48,19,56,2025-12-31
6,106,62,19,44,2025-12-31
6,107,22,16,43,2025-12-31
6,108,20,13,53,2025-12-31
6,109,42,14,50,2025-12-31
6,110,16,10,18,2025-12-31
6,111,21,12,34,2025-12-31
6,112,32,16,61,2025-12-31
6,113,37,14,64,2025-12-31
6,114,12,18,40,2025-12-31
6,115,28,25,71,2025-12-31
6,116,45,21,60,2025-12-31
6,117,59,9,25,2025-12-31
6,118,0,13,65,2025-12-31
6,119,58,8,45,2025-12-31
6,120,50,11,62,2025-12-31
6,121,15,16,77,2025-12-31
6,122,8,14,47,2025-12-31
6,123,42,14,51,2025-12-31
6,124,27,14,75,2025-12-31
6,125,37,20,69,2025-12-31
6,126,50,11,40,2025-12-31
6,127,28,17,34,2025-12-31
6,128,37,13,49,2025-12-31
6,129,43,22,43,2025-12-31
6,130,50,13,60,2025-12-31
6,131,66,20,69,2025-12-31
6,132,65,22,63,2025-12-31
6,133,39,13,73,2025-12-31
6,134,30,24,51,2025-12-31
6,135,77,15,51,2025-12-31
6,136,46,18,71,2025-12-31
6,137,42,19,15,2025-12-31
6,138,15,22,45,2025-12-31
6,139,48,22,36,2025-12-31
6,140,21,12,78,2025-12-31
6,141,26,17,64,2025-12-31
6,142,11,20,50,2025-12-31
6,143,25,16,59,2025-12-31
6,144,36,14,68,2025-12-31
6,145,8,15,30,2025-12-31
6,146,18,24,31,2025-12-31
6,147,33,9,32,2025-12-31
6,148,12,15,70,2025-12-31
6,149,12,9,19,2025-12-31
6,150,20,10,22,2025-12-31
6,151,9,19,19,2025-12-31
6,152,46,18,73,2025-12-31
6,153,17,15,26,2025-12-31
6,154,48,24,35,2025-12-31
6,155,51,10,19,2025-12-31
6,156,13,21,71,2025-12-31
6,157,35,21,32,2025-12-31
6,158,26,18,52,2025-12-31
6,159,14,18,45,2025-12-31
6,160,29,16,61,2025-12-31
6,161,30,25,68,2025-12-31
6,162,47,17,79,2025-12-31
6,163,53,10,74,2025-12-31
6,164,15,22,27,2025-12-31
6,165,27,10,49,2025-12-31
6,166,44,15,67,2025-12-31
6,167,56,20,69,2025-12-31
6,168,0,15,58,2025-12-31
6,169,57,19,37,2025-12-31
6,170,31,9,18,2025-12-31
6,171,62,17,20,2025-12-31
6,172,27,17,48,2025-12-31
6,173,20,11,50,2025-12-31
6,174,35,17,78,2025-12-31
6,175,55,9,16,2025-12-31
6,176,35,18,19,2025-12-31
6,177,0,9,52,2025-12-31
6,178,47,21,67,2025-12-31
6,179,6,11,22,2025-12-31
6,180,17,15,66,2025-12-31
7,1,14,21,52,2025-12-31
7,2,1,10,26,2025-12-31
7,3,12,21,18,2025-12-31
7,4,17,24,57,2025-12-31
7,5,23,15,23,2025-12-31
7,6,34,25,74,2025-12-31
7,7,28,11,75,2025-12-31
7,8,8,17,61,2025-12-31
7,9,31,12,62,2025-12-31
7,10,52,14,55,2025-12-31
7,11,52,20,56,2025-12-31
7,12,37,19,79,2025-12-31
7,13,46,20,47,2025-12-31
7,14,51,22,53,2025-12-31
7,15,59,8,53,2025-12-31
7,16,65,15,73,2025-12-31
7,17,29,22,41,2025-12-31
7,18,30,19,39,2025-12-31
7,19,61,19,66,2025-12-31
7,20,63,21,46,2025-12-31
7,21,62,18,53,2025-12-31
7,22,0,12,23,2025-12-31
7,23,31,16,25,2025-12-31
7,24,0,13,26,2025-12-31
7,25,48,24,25,2025-12-31
7,26,36,24,35,2025-12-31
7,27,35,23,59,2025-12-31
7,28,32,22,64,2025-12-31
7,29,58,21,28,2025-12-31
7,30,29,24,67,2025-12-31
7,31,53,10,38,2025-12-31
7,32,44,25,56,2025-12-31
7,33,41,16,71,2025-12-31
7,34,43,24,56,2025-12-31
7,35,36,25,76,2025-12-31
7,36,15,12,57,2025-12-31
7,37,47,14,43,2025-12-31
7,38,47,21,68,2025-12-31
7,39,32,24,44,2025-12-31
7,40,48,13,62,2025-12-31
7,41,51,24,41,2025-12-31
7,42,11,22,80,2025-12-31
7,43,32,16,63,2025-12-31
7,44,27,19,65,2025-12-31
7,45,18,12,35,2025-12-31
7,46,40,23,61,2025-12-31
7,47,19,14,37,2025-12-31
7,48,27,15,66,2025-12-31
7,49,39,19,46,2025-12-31
7,50,41,25,76,2025-12-31
7,51,40,16,43,2025-12-31
7,52,75,16,51,2025-12-31
7,53,25,13,63,2025-12-31
7,54,39,13,18,2025-12-31
7,55,13,23,70,2025-12-31
7,56,43,14,26,2025-12-31
7,57,55,24,23,2025-12-31
7,58,56,15,26,2025-12-31
7,59,23,18,17,2025-12-31
7,60,29,14,67,2025-12-31
7,61,57,11,17,2025-12-31
7,62,33,9,71,2025-12-31
7,63,52,16,26,2025-12-31
7,64,17,12,75,2025-12-31
7,65,59,20,30,2025-12-31
7,66,53,23,58,2025-12-31
7,67,43,23,50,2025-12-31
7,68,20,11,65,2025-12-31
7,69,32,14,41,2025-12-31
7,70,37,24,29,2025-12-31
7,71,39,25,68,2025-12-31
7,72,33,21,37,2025-12-31
7,73,31,9,15,2025-12-31
7,74,38,8,65,2025-12-31
7,75,60,8,70,2025-12-31
7,76,0,23,29,2025-12-31
7,77,10,13,64,2025-12-31
7,78,7,15,73,2025-12-31
7,79,22,15,73,2025-12-31
7,80,3,17,42,2025-12-31
7,81,44,20,48,2025-12-31
7,82,36,19,38,2025-12-31
7,83,30,10,75,2025-12-31
7,84,22,18,51,2025-12-31
7,85,37,11,64,2025-12-31
7,86,38,18,58,2025-12-31
7,87,40,24,31,2025-12-31
7,88,21,24,35,2025-12-31
7,89,46,10,22,2025-12-31
7,90,8,25,59,2025-12-31
7,91,57,25,37,2025-12-31
7,92,0,10,52,2025-12-31
7,93,24,25,42,2025-12-31
7,94,13,18,49,2025-12-31
7,95,49,10,37,2025-12-31
7,96,8,21,49,2025-12-31
7,97,67,17,45,2025-12-31
7,98,7,8,68,2025-12-31
7,99,71,14,44,2025-12-31
7,100,43,13,43,2025-12-31
7,101,35,17,62,2025-12-31
7,102,42,20,22,2025-12-31
7,103,74,21,29,2025-12-31
7,104,51,16,44,2025-12-31
7,105,0,25,17,2025-12-31
7,106,56,22,70,2025-12-31
7,107,39,8,46,2025-12-31
7,108,5,20,75,2025-12-31
7,109,48,19,60,2025-12-31
7,110,13,22,27,2025-12-31
7,111,38,20,53,2025-12-31
7,112,39,9,38,2025-12-31
7,113,23,17,30,2025-12-31
7,114,46,15,68,2025-12-31
7,115,16,25,20,2025-12-31
7,116,38,22,78,2025-12-31
7,117,25,8,39,2025-12-31
7,118,31,15,29,2025-12-31
7,119,69,17,76,2025-12-31
7,120,37,8,33,2025-12-31
7,121,15,22,47,2025-12-31
7,122,32,9,20,2025-12-31
7,123,21,14,77,2025-12-31
7,124,35,21,18,2025-12-31
7,125,37,10,59,2025-12-31
7,126,36,21,20,2025-12-31
7,127,36,25,70,2025-12-31
7,128,25,21,34,2025-12-31
7,129,43,25,75,2025-12-31
7,130,54,23,42,2025-12-31
7,131,23,15,47,2025-12-31
7,132,33,17,38,2025-12-31
7,133,36,19,47,2025-12-31
7,134,57,16,53,2025-12-31
7,135,54,16,39,2025-12-31
7,136,21,13,22,2025-12-31
7,137,36,24,69,2025-12-31
7,138,8,12,20,2025-12-31
7,139,17,14,77,2025-12-31
7,140,35,13,80,2025-12-31
7,141,46,24,33,2025-12-31
7,142,52,20,60,2025-12-31
7,143,29,25,47,2025-12-31
7,144,10,11,59,2025-12-31
7,145,42,23,26,2025-12-31
7,146,31,19,65,2025-12-31
7,147,42,14,22,2025-12-31
7,148,37,23,48,2025-12-31
7,149,47,16,65,2025-12-31
7,150,46,12,18,2025-12-31
7,151,50,9,59,2025-12-31
7,152,26,16,66,2025-12-31
7,153,52,12,78,2025-12-31
7,154,25,22,42,2025-12-31
7,155,36,9,24,2025-12-31
7,156,68,19,18,2025-12-31
7,157,41,19,62,2025-12-31
7,158,14,17,64,2025-12-31
7,159,61,24,69,2025-12-31
7,160,53,17,54,2025-12-31
7,161,55,11,47,2025-12-31
7,162,38,17,45,2025-12-31
7,163,41,8,53,2025-12-31
7,164,30,19,23,2025-12-31
7,165,22,25,42,2025-12-31
7,166,62,17,75,2025-12-31
7,167,28,15,35,2025-12-31
7,168,26,23,72,2025-12-31
7,169,27,17,30,2025-12-31
7,170,68,22,29,2025-12-31
7,171,50,9,37,2025-12-31
7,172,28,14,49,2025-12-31
7,173,34,22,72,2025-12-31
7,174,44,15,66,2025-12-31
7,175,50,12,75,2025-12-31
7,176,6,19,31,2025-12-31
7,177,51,22,47,2025-12-31
7,178,31,23,44,2025-12-31
7,179,22,23,47,2025-12-31
7,180,27,19,63,2025-12-31
8,1,49,25,48,2025-12-31
8,2,66,21,63,2025-12-31
8,3,37,13,33,2025-12-31
8,4,45,19,74,2025-12-31
8,5,20,16,69,2025-12-31
8,6,43,23,61,2025-12-31
8,7,49,13,73,2025-12-31
8,8,8,17,57,2025-12-31
8,9,25,19,60,2025-12-31
8,10,49,12,54,2025-12-31
8,11,3,16,24,2025-12-31
8,12,28,9,47,2025-12-31
8,13,45,24,76,2025-12-31
8,14,4,16,51,2025-12-31
8,15,27,16,28,2025-12-31
8,16,35,13,71,2025-12-31
8,17,51,22,16,2025-12-31
8,18,11,18,42,2025-12-31
8,19,54,15,51,2025-12-31
8,20,40,15,49,2025-12-31
8,21,56,23,22,2025-12-31
8,22,55,25,43,2025-12-31
8,23,41,13,55,2025-12-31
8,24,43,17,61,2025-12-31
8,25,3,19,37,2025-12-31
8,26,10,22,58,2025-12-31
8,27,16,10,56,2025-12-31
8,28,28,16,20,2025-12-31
8,29,51,20,49,2025-12-31
8,30,2,21,66,2025-12-31
8,31,29,11,29,2025-12-31
8,32,11,16,66,2025-12-31
8,33,6,16,65,2025-12-31
8,34,61,21,33,2025-12-31
8,35,36,9,71,2025-12-31
8,36,64,20,66,2025-12-31
8,37,56,25,49,2025-12-31
8,38,18,9,71,2025-12-31
8,39,1,16,59,2025-12-31
8,40,72,17,18,2025-12-31
8,41,27,14,45,2025-12-31
8,42,14,10,36,2025-12-31
8,43,47,11,36,2025-12-31
8,44,37,8,17,2025-12-31
8,45,22,21,23,2025-12-31
8,46,28,18,45,2025-12-31
8,47,37,14,72,2025-12-31
8,48,36,25,38,2025-12-31
8,49,48,18,75,2025-12-31
8,50,28,24,74,2025-12-31
8,51,28,17,52,2025-12-31
8,52,45,24,80,2025-12-31
8,53,40,25,58,2025-12-31
8,54,54,14,37,2025-12-31
8,55,30,23,66,2025-12-31
8,56,33,22,41,2025-12-31
8,57,14,8,64,2025-12-31
8,58,61,10,47,2025-12-31
8,59,9,15,41,2025-12-31
8,60,38,13,42,2025-12-31
8,61,18,12,42,2025-12-31
8,62,41,11,47,2025-12-31
8,63,48,9,78,2025-12-31
8,64,5,20,16,2025-12-31
8,65,31,21,54,2025-12-31
8,66,3,17,54,2025-12-31
8,67,60,13,39,2025-12-31
8,68,27,22,72,2025-12-31
8,69,6,8,74,2025-12-31
8,70,22,14,25,2025-12-31
8,71,58,20,67,2025-12-31
8,72,61,18,33,2025-12-31
8,73,57,18,72,2025-12-31
8,74,20,16,22,2025-12-31
8,75,32,17,66,2025-12-31
8,76,64,10,72,2025-12-31
8,77,21,14,47,2025-12-31
8,78,28,24,70,2025-12-31
8,79,17,12,71,2025-12-31
8,80,14,12,16,2025-12-31
8,81,56,18,29,2025-12-31
8,82,46,8,80,2025-12-31
8,83,43,10,69,2025-12-31
8,84,45,25,78,2025-12-31
8,85,53,19,53,2025-12-31
8,86,62,25,54,2025-12-31
8,87,34,14,60,2025-12-31
8,88,28,24,45,2025-12-31
8,89,16,18,37,2025-12-31
8,90,54,17,58,2025-12-31
8,91,25,23,78,2025-12-31
8,92,8,13,51,2025-12-31
8,93,30,19,56,2025-12-31
8,94,35,22,79,2025-12-31
8,95,49,19,34,2025-12-31
8,96,53,12,41,2025-12-31
8,97,21,10,23,2025-12-31
8,98,20,21,57,2025-12-31
8,99,29,15,30,2025-12-31
8,100,13,10,70,2025-12-31
8,101,33,9,15,2025-12-31
8,102,43,21,60,2025-12-31
8,103,35,23,72,2025-12-31
8,104,5,19,71,2025-12-31
8,105,13,16,17,2025-12-31
8,106,58,9,78,2025-12-31
8,107,16,8,76,2025-12-31
8,108,48,23,60,2025-12-31
8,109,46,13,70,2025-12-31
8,110,29,23,32,2025-12-31
8,111,17,23,15,2025-12-31
8,112,38,15,20,2025-12-31
8,113,19,18,56,2025-12-31
8,114,31,11,49,2025-12-31
8,115,36,14,28,2025-12-31
8,116,22,25,66,2025-12-31
8,117,30,15,69,2025-12-31
8,118,29,15,36,2025-12-31
8,119,12,16,79,2025-12-31
8,120,31,13,24,2025-12-31
8,121,23,21,44,2025-12-31
8,122,2,8,31,2025-12-31
8,123,28,8,15,2025-12-31
8,124,29,19,25,2025-12-31
8,125,24,12,70,2025-12-31
8,126,0,9,42,2025-12-31
8,127,48,18,33,2025-12-31
8,128,47,10,56,2025-12-31
8,129,46,8,37,2025-12-31
8,130,40,22,46,2025-12-31
8,131,12,10,40,2025-12-31
8,132,37,11,55,2025-12-31
8,133,18,10,76,2025-12-31
8,134,74,21,28,2025-12-31
8,135,25,11,45,2025-12-31
8,136,47,20,16,2025-12-31
8,137,7,15,50,2025-12-31
8,138,13,18,70,2025-12-31
8,139,25,20,21,2025-12-31
8,140,47,8,32,2025-12-31
8,141,44,18,61,2025-12-31
8,142,40,13,67,2025-12-31
8,143,1,23,17,2025-12-31
8,144,55,23,55,2025-12-31
8,145,18,10,17,2025-12-31
8,146,64,22,20,2025-12-31
8,147,68,24,23,2025-12-31
8,148,49,14,34,2025-12-31
8,149,52,24,16,2025-12-31
8,150,12,23,57,2025-12-31
8,151,81,21,63,2025-12-31
8,152,38,11,53,2025-12-31
8,153,52,14,29,2025-12-31
8,154,19,22,44,2025-12-31
8,155,33,15,62,2025-12-31
8,156,13,17,48,2025-12-31
8,157,30,8,39,2025-12-31
8,158,35,16,70,2025-12-31
8,159,39,21,49,2025-12-31
8,160,60,14,22,2025-12-31
8,161,43,20,45,2025-12-31
8,162,39,21,62,2025-12-31
8,163,35,19,59,2025-12-31
8,164,71,14,39,2025-12-31
8,165,24,9,17,2025-12-31
8,166,56,19,21,2025-12-31
8,167,0,15,62,2025-12-31
8,168,19,17,51,2025-12-31
8,169,42,17,38,2025-12-31
8,170,32,9,49,2025-12-31
8,171,89,17,17,2025-12-31
8,172,81,11,53,2025-12-31
8,173,7,19,45,2025-12-31
8,174,15,23,53,2025-12-31
8,175,32,21,48,2025-12-31
8,176,66,8,62,2025-12-31
8,177,55,19,51,2025-12-31
8,178,40,10,46,2025-12-31
8,179,9,19,80,2025-12-31
8,180,19,23,67,2025-12-31
9,1,0,22,28,2025-12-31
9,2,7,22,39,2025-12-31
9,3,42,13,47,2025-12-31
9,4,49,11,49,2025-12-31
9,5,11,20,79,2025-12-31
9,6,37,21,35,2025-12-31
9,7,64,22,32,2025-12-31
9,8,38,9,52,2025-12-31
9,9,29,23,58,2025-12-31
9,10,46,11,60,2025-12-31
9,11,44,22,49,2025-12-31
9,12,36,11,53,2025-12-31
9,13,25,9,40,2025-12-31
9,14,27,25,23,2025-12-31
9,15,36,9,52,2025-12-31
9,16,25,11,58,2025-12-31
9,17,59,17,33,2025-12-31
9,18,51,12,20,2025-12-31
9,19,54,18,37,2025-12-31
9,20,71,13,18,2025-12-31
9,21,63,23,54,2025-12-31
9,22,60,12,80,2025-12-31
9,23,41,12,39,2025-12-31
9,24,31,17,66,2025-12-31
9,25,76,12,38,2025-12-31
9,26,22,17,65,2025-12-31
9,27,23,25,52,2025-12-31
9,28,19,11,43,2025-12-31
9,29,38,12,29,2025-12-31
9,30,42,19,66,2025-12-31
9,31,53,19,54,2025-12-31
9,32,31,21,32,2025-12-31
9,33,3,9,22,2025-12-31
9,34,40,24,63,2025-12-31
9,35,52,18,17,2025-12-31
9,36,35,8,69,2025-12-31
9,37,32,22,40,2025-12-31
9,38,45,9,32,2025-12-31
9,39,60,24,67,2025-12-31
9,40,33,25,31,2025-12-31
9,41,9,18,31,2025-12-31
9,42,24,12,43,2025-12-31
9,43,32,25,57,2025-12-31
9,44,2,15,78,2025-12-31
9,45,48,20,61,2025-12-31
9,46,21,20,28,2025-12-31
9,47,44,17,26,2025-12-31
9,48,38,10,35,2025-12-31
9,49,29,12,76,2025-12-31
9,50,64,10,35,2025-12-31
9,51,24,19,70,2025-12-31
9,52,22,22,52,2025-12-31
9,53,40,8,60,2025-12-31
9,54,50,14,41,2025-12-31
9,55,34,18,23,2025-12-31
9,56,17,20,70,2025-12-31
9,57,47,22,69,2025-12-31
9,58,45,22,21,2025-12-31
9,59,72,16,19,2025-12-31
9,60,31,8,75,2025-12-31
9,61,38,10,37,2025-12-31
9,62,24,19,36,2025-12-31
9,63,8,12,49,2025-12-31
9,64,36,24,59,2025-12-31
9,65,50,24,53,2025-12-31
9,66,16,12,63,2025-12-31
9,67,22,21,25,2025-12-31
9,68,13,14,29,2025-12-31
9,69,59,25,46,2025-12-31
9,70,23,18,42,2025-12-31
9,71,45,8,51,2025-12-31
9,72,19,12,49,2025-12-31
9,73,36,12,38,2025-12-31
9,74,23,16,39,2025-12-31
9,75,0,22,18,2025-12-31
9,76,36,9,79,2025-12-31
9,77,44,19,62,2025-12-31
9,78,0,13,15,2025-12-31
9,79,31,8,48,2025-12-31
9,80,27,10,22,2025-12-31
9,81,15,9,37,2025-12-31
9,82,30,13,48,2025-12-31
9,83,0,25,55,2025-12-31
9,84,39,15,25,2025-12-31
9,85,56,22,38,2025-12-31
9,86,12,10,54,2025-12-31
9,87,33,8,73,2025-12-31
9,88,60,14,38,2025-12-31
9,89,37,25,63,2025-12-31
9,90,25,9,78,2025-12-31
9,91,18,17,47,2025-12-31
9,92,38,13,78,2025-12-31
9,93,32,16,20,2025-12-31
9,94,46,12,53,2025-12-31
9,95,7,9,57,2025-12-31
9,96,54,15,51,2025-12-31
9,97,27,23,43,2025-12-31
9,98,46,11,78,2025-12-31
9,99,21,13,60,2025-12-31
9,100,11,12,55,2025-12-31
9,101,24,21,67,2025-12-31
9,102,17,15,57,2025-12-31
9,103,28,20,62,2025-12-31
9,104,46,21,29,2025-12-31
9,105,54,8,54,2025-12-31
9,106,38,22,76,2025-12-31
9,107,25,8,31,2025-12-31
9,108,26,20,56,2025-12-31
9,109,45,16,45,2025-12-31
9,110,55,22,44,2025-12-31
9,111,29,10,22,2025-12-31
9,112,32,22,38,2025-12-31
9,113,21,17,44,2025-12-31
9,114,38,10,35,2025-12-31
9,115,52,11,36,2025-12-31
9,116,0,22,52,2025-12-31
9,117,39,22,63,2025-12-31
9,118,25,9,37,2025-12-31
9,119,0,12,71,2025-12-31
9,120,40,17,80,2025-12-31
9,121,33,18,35,2025-12-31
9,122,41,21,54,2025-12-31
9,123,10,12,40,2025-12-31
9,124,73,10,25,2025-12-31
9,125,36,19,51,2025-12-31
9,126,28,15,55,2025-12-31
9,127,62,14,46,2025-12-31
9,128,46,17,56,2025-12-31
9,129,49,22,41,2025-12-31
9,130,55,22,50,2025-12-31
9,131,0,25,76,2025-12-31
9,132,65,8,42,2025-12-31
9,133,28,17,66,2025-12-31
9,134,40,10,71,2025-12-31
9,135,51,20,48,2025-12-31
9,136,22,21,64,2025-12-31
9,137,40,16,39,2025-12-31
9,138,48,14,37,2025-12-31
9,139,34,8,38,2025-12-31
9,140,43,20,23,2025-12-31
9,141,6,10,27,2025-12-31
9,142,13,20,70,2025-12-31
9,143,14,15,72,2025-12-31
9,144,41,17,20,2025-12-31
9,145,102,18,71,2025-12-31
9,146,39,8,18,2025-12-31
9,147,32,9,15,2025-12-31
9,148,33,22,18,2025-12-31
9,149,52,20,36,2025-12-31
9,150,47,13,28,2025-12-31
9,151,14,17,54,2025-12-31
9,152,53,25,78,2025-12-31
9,153,34,20,40,2025-12-31
9,154,49,10,45,2025-12-31
9,155,0,10,60,2025-12-31
9,156,7,12,46,2025-12-31
9,157,45,8,76,2025-12-31
9,158,2,18,52,2025-12-31
9,159,42,9,55,2025-12-31
9,160,41,12,21,2025-12-31
9,161,37,19,18,2025-12-31
9,162,41,11,41,2025-12-31
9,163,39,16,42,2025-12-31
9,164,43,19,54,2025-12-31
9,165,27,21,64,2025-12-31
9,166,34,10,74,2025-12-31
9,167,87,15,44,2025-12-31
9,168,55,23,23,2025-12-31
9,169,46,17,35,2025-12-31
9,170,42,25,46,2025-12-31
9,171,21,16,66,2025-12-31
9,172,39,16,32,2025-12-31
9,173,30,16,36,2025-12-31
9,174,52,24,35,2025-12-31
9,175,18,9,60,2025-12-31
9,176,0,16,41,2025-12-31
9,177,24,15,51,2025-12-31
9,178,47,16,67,2025-12-31
9,179,79,8,74,2025-12-31
9,180,53,11,62,2025-12-31
10,1,17,18,30,2025-12-31
10,2,31,17,44,2025-12-31
10,3,17,17,55,2025-12-31
10,4,31,20,61,2025-12-31
10,5,18,9,46,2025-12-31
10,6,5,22,33,2025-12-31
10,7,43,8,51,2025-12-31
10,8,38,15,64,2025-12-31
10,9,31,23,42,2025-12-31
10,10,41,15,79,2025-12-31
10,11,71,25,70,2025-12-31
10,12,37,20,30,2025-12-31
10,13,28,13,17,2025-12-31
10,14,50,17,37,2025-12-31
10,15,5,24,48,2025-12-31
10,16,48,24,31,2025-12-31
10,17,21,23,59,2025-12-31
10,18,20,19,42,2025-12-31
10,19,36,21,28,2025-12-31
10,20,65,22,22,2025-12-31
10,21,21,10,33,2025-12-31
10,22,52,21,65,2025-12-31
10,23,41,17,35,2025-12-31
10,24,9,23,61,2025-12-31
10,25,51,20,66,2025-12-31
10,26,20,21,49,2025-12-31
10,27,8,18,57,2025-12-31
10,28,20,25,46,2025-12-31
10,29,21,23,79,2025-12-31
10,30,45,11,44,2025-12-31
10,31,21,10,48,2025-12-31
10,32,61,8,32,2025-12-31
10,33,38,25,18,2025-12-31
10,34,22,23,56,2025-12-31
10,35,19,19,60,2025-12-31
10,36,39,23,16,2025-12-31
10,37,0,23,60,2025-12-31
10,38,0,11,37,2025-12-31
10,39,19,21,45,2025-12-31
10,40,46,21,51,2025-12-31
10,41,38,25,30,2025-12-31
10,42,35,15,68,2025-12-31
10,43,31,19,36,2025-12-31
10,44,0,16,49,2025-12-31
10,45,29,23,17,2025-12-31
10,46,3,11,40,2025-12-31
10,47,50,20,60,2025-12-31
10,48,34,22,62,2025-12-31
10,49,33,22,36,2025-12-31
10,50,42,12,24,2025-12-31
10,51,40,12,80,2025-12-31
10,52,39,25,65,2025-12-31
10,53,41,20,47,2025-12-31
10,54,24,12,60,2025-12-31
10,55,10,18,74,2025-12-31
10,56,41,14,80,2025-12-31
10,57,61,22,21,2025-12-31
10,58,53,14,29,2025-12-31
10,59,31,8,35,2025-12-31
10,60,46,8,49,2025-12-31
10,61,27,14,64,2025-12-31
10,62,41,12,30,2025-12-31
10,63,24,18,44,2025-12-31
10,64,37,14,32,2025-12-31
10,65,71,25,33,2025-12-31
10,66,48,25,40,2025-12-31
10,67,61,24,73,2025-12-31
10,68,21,25,73,2025-12-31
10,69,22,15,32,2025-12-31
10,70,34,13,64,2025-12-31
10,71,45,9,43,2025-12-31
10,72,31,14,35,2025-12-31
10,73,53,15,32,2025-12-31
10,74,25,21,39,2025-12-31
10,75,59,24,59,2025-12-31
10,76,52,16,30,2025-12-31
10,77,14,11,71,2025-12-31
10,78,45,13,38,2025-12-31
10,79,30,18,35,2025-12-31
10,80,53,13,76,2025-12-31
10,81,25,21,67,2025-12-31
10,82,40,17,80,2025-12-31
10,83,44,12,74,2025-12-31
10,84,0,22,80,2025-12-31
10,85,1,9,57,2025-12-31
10,86,37,14,21,2025-12-31
10,87,32,21,17,2025-12-31
10,88,53,11,55,2025-12-31
10,89,39,18,33,2025-12-31
10,90,12,24,30,2025-12-31
10,91,40,8,45,2025-12-31
10,92,21,10,16,2025-12-31
10,93,30,14,70,2025-12-31
10,94,25,25,18,2025-12-31
10,95,41,9,77,2025-12-31
10,96,9,19,38,2025-12-31
10,97,14,22,51,2025-12-31
10,98,0,24,65,2025-12-31
10,99,73,20,74,2025-12-31
10,100,17,15,61,2025-12-31
10,101,19,17,67,2025-12-31
10,102,14,16,15,2025-12-31
10,103,23,16,38,2025-12-31
10,104,27,8,39,2025-12-31
10,105,46,12,59,2025-12-31
10,106,38,14,77,2025-12-31
10,107,40,13,32,2025-12-31
10,108,24,19,35,2025-12-31
10,109,33,17,32,2025-12-31
10,110,56,22,57,2025-12-31
10,111,34,20,55,2025-12-31
10,112,40,13,80,2025-12-31
10,113,0,18,45,2025-12-31
10,114,44,17,77,2025-12-31
10,115,39,19,18,2025-12-31
10,116,58,12,36,2025-12-31
10,117,0,24,50,2025-12-31
10,118,35,10,42,2025-12-31
10,119,32,20,15,2025-12-31
10,120,36,11,50,2025-12-31
10,121,23,10,39,2025-12-31
10,122,38,16,60,2025-12-31
10,123,47,15,69,2025-12-31
10,124,35,9,71,2025-12-31
10,125,29,18,18,2025-12-31
10,126,30,16,22,2025-12-31
10,127,27,23,79,2025-12-31
10,128,35,17,51,2025-12-31
10,129,21,24,17,2025-12-31
10,130,0,21,22,2025-12-31
10,131,59,16,19,2025-12-31
10,132,2,12,65,2025-12-31
10,133,32,15,17,2025-12-31
10,134,11,17,63,2025-12-31
10,135,29,8,42,2025-12-31
10,136,17,12,50,2025-12-31
10,137,33,9,69,2025-12-31
10,138,19,16,46,2025-12-31
10,139,11,14,32,2025-12-31
10,140,40,13,39,2025-12-31
10,141,58,21,26,2025-12-31
10,142,40,10,42,2025-12-31
10,143,36,16,23,2025-12-31
10,144,15,21,65,2025-12-31
10,145,32,21,41,2025-12-31
10,146,42,11,62,2025-12-31
10,147,22,25,56,2025-12-31
10,148,50,16,71,2025-12-31
10,149,33,24,41,2025-12-31
10,150,40,8,57,2025-12-31
10,151,25,16,50,2025-12-31
10,152,25,9,35,2025-12-31
10,153,38,18,30,2025-12-31
10,154,41,21,39,2025-12-31
10,155,40,23,33,2025-12-31
10,156,15,12,50,2025-12-31
10,157,21,9,48,2025-12-31
10,158,33,8,53,2025-12-31
10,159,0,12,25,2025-12-31
10,160,52,13,58,2025-12-31
10,161,39,19,22,2025-12-31
10,162,34,8,65,2025-12-31
10,163,21,20,65,2025-12-31
10,164,48,16,72,2025-12-31
10,165,29,14,74,2025-12-31
10,166,68,10,47,2025-12-31
10,167,41,24,49,2025-12-31
10,168,7,22,56,2025-12-31
10,169,47,12,40,2025-12-31
10,170,24,15,23,2025-12-31
10,171,24,19,55,2025-12-31
10,172,29,16,57,2025-12-31
10,173,31,18,30,2025-12-31
10,174,38,15,18,2025-12-31
10,175,47,22,41,2025-12-31
10,176,42,12,75,2025-12-31
10,177,20,22,44,2025-12-31
10,178,9,13,33,2025-12-31
10,179,19,16,48,2025-12-31
10,180,40,16,20,2025-12-31
11,1,49,20,77,2025-12-31
11,2,66,20,43,2025-12-31
11,3,9,8,25,2025-12-31
11,4,35,22,61,2025-12-31
11,5,29,20,57,2025-12-31
11,6,26,18,33,2025-12-31
11,7,36,22,38,2025-12-31
11,8,29,19,42,2025-12-31
11,9,29,23,73,2025-12-31
11,10,22,14,69,2025-12-31
11,11,41,10,18,2025-12-31
11,12,52,23,63,2025-12-31
11,13,63,23,56,2025-12-31
11,14,24,20,39,2025-12-31
11,15,14,23,60,2025-12-31
11,16,29,12,60,2025-12-31
11,17,18,18,36,2025-12-31
11,18,52,24,74,2025-12-31
11,19,19,14,37,2025-12-31
11,20,35,11,54,2025-12-31
11,21,9,23,53,2025-12-31
11,22,27,9,37,2025-12-31
11,23,37,13,25,2025-12-31
11,24,61,11,35,2025-12-31
11,25,21,25,79,2025-12-31
11,26,40,18,20,2025-12-31
11,27,0,17,60,2025-12-31
11,28,12,14,79,2025-12-31
11,29,19,11,33,2025-12-31
11,30,24,17,68,2025-12-31
11,31,41,23,51,2025-12-31
11,32,45,23,72,2025-12-31
11,33,4,23,31,2025-12-31
11,34,43,25,22,2025-12-31
11,35,13,16,50,2025-12-31
11,36,66,8,55,2025-12-31
11,37,39,22,73,2025-12-31
11,38,36,11,65,2025-12-31
11,39,30,11,56,2025-12-31
11,40,33,25,45,2025-12-31
11,41,33,21,36,2025-12-31
11,42,21,19,62,2025-12-31
11,43,47,10,59,2025-12-31
11,44,38,9,43,2025-12-31
11,45,47,21,76,2025-12-31
11,46,32,12,15,2025-12-31
11,47,46,25,40,2025-12-31
11,48,20,13,79,2025-12-31
11,49,98,25,46,2025-12-31
11,50,21,14,57,2025-12-31
11,51,25,13,44,2025-12-31
11,52,51,14,77,2025-12-31
11,53,56,25,52,2025-12-31
11,54,19,16,28,2025-12-31
11,55,3,23,21,2025-12-31
11,56,8,20,48,2025-12-31
11,57,15,15,31,2025-12-31
11,58,19,18,19,2025-12-31
11,59,30,11,65,2025-12-31
11,60,52,16,26,2025-12-31
11,61,53,18,38,2025-12-31
11,62,22,15,17,2025-12-31
11,63,43,17,23,2025-12-31
11,64,49,10,50,2025-12-31
11,65,59,14,72,2025-12-31
11,66,30,10,37,2025-12-31
11,67,20,20,68,2025-12-31
11,68,47,8,78,2025-12-31
11,69,61,15,19,2025-12-31
11,70,24,21,21,2025-12-31
11,71,68,22,19,2025-12-31
11,72,64,8,79,2025-12-31
11,73,29,15,76,2025-12-31
11,74,5,13,46,2025-12-31
11,75,23,17,78,2025-12-31
11,76,27,25,22,2025-12-31
11,77,43,13,17,2025-12-31
11,78,3,9,31,2025-12-31
11,79,77,23,51,2025-12-31
11,80,75,14,73,2025-12-31
11,81,20,8,26,2025-12-31
11,82,0,23,18,2025-12-31
11,83,30,18,34,2025-12-31
11,84,41,24,35,2025-12-31
11,85,58,17,20,2025-12-31
11,86,46,23,67,2025-12-31
11,87,30,25,55,2025-12-31
11,88,0,17,23,2025-12-31
11,89,42,14,75,2025-12-31
11,90,48,22,33,2025-12-31
11,91,28,15,31,2025-12-31
11,92,38,20,19,2025-12-31
11,93,37,25,52,2025-12-31
11,94,29,25,44,2025-12-31
11,95,12,17,34,2025-12-31
11,96,39,14,29,2025-12-31
11,97,8,9,61,2025-12-31
11,98,58,17,19,2025-12-31
11,99,17,11,18,2025-12-31
11,100,42,25,78,2025-12-31
11,101,20,12,39,2025-12-31
11,102,40,22,74,2025-12-31
11,103,29,21,15,2025-12-31
11,104,43,14,66,2025-12-31
11,105,19,22,34,2025-12-31
11,106,4,15,75,2025-12-31
11,107,28,21,78,2025-12-31
11,108,27,21,66,2025-12-31
11,109,6,24,22,2025-12-31
11,110,21,13,79,2025-12-31
11,111,3,8,78,2025-12-31
11,112,35,12,64,2025-12-31
11,113,26,25,21,2025-12-31
11,114,33,9,30,2025-12-31
11,115,80,22,76,2025-12-31
11,116,36,17,49,2025-12-31
11,117,40,13,28,2025-12-31
11,118,44,11,24,2025-12-31
11,119,31,25,63,2025-12-31
11,120,23,18,30,2025-12-31
11,121,49,10,54,2025-12-31
11,122,52,23,64,2025-12-31
11,123,0,10,35,2025-12-31
11,124,30,9,35,2025-12-31
11,125,27,22,38,2025-12-31
11,126,23,11,42,2025-12-31
11,127,55,13,77,2025-12-31
11,128,24,16,28,2025-12-31
11,129,49,18,70,2025-12-31
11,130,23,15,69,2025-12-31
11,131,26,18,66,2025-12-31
11,132,46,21,23,2025-12-31
11,133,20,21,50,2025-12-31
11,134,30,24,18,2025-12-31
11,135,13,19,43,2025-12-31
11,136,17,23,63,2025-12-31
11,137,46,19,33,2025-12-31
11,138,44,17,51,2025-12-31
11,139,13,15,43,2025-12-31
11,140,12,23,64,2025-12-31
11,141,79,19,43,2025-12-31
11,142,22,12,34,2025-12-31
11,143,17,20,79,2025-12-31
11,144,42,24,78,2025-12-31
11,145,19,20,53,2025-12-31
11,146,26,13,59,2025-12-31
11,147,49,16,29,2025-12-31
11,148,51,8,40,2025-12-31
11,149,30,10,44,2025-12-31
11,150,57,16,26,2025-12-31
11,151,30,15,40,2025-12-31
11,152,29,11,15,2025-12-31
11,153,33,14,43,2025-12-31
11,154,28,8,70,2025-12-31
11,155,43,22,61,2025-12-31
11,156,38,23,46,2025-12-31
11,157,19,20,34,2025-12-31
11,158,36,24,60,2025-12-31
11,159,23,13,62,2025-12-31
11,160,23,12,51,2025-12-31
11,161,31,23,71,2025-12-31
11,162,51,9,18,2025-12-31
11,163,38,23,20,2025-12-31
11,164,56,21,70,2025-12-31
11,165,61,10,38,2025-12-31
11,166,32,17,60,2025-12-31
11,167,22,17,31,2025-12-31
11,168,19,16,57,2025-12-31
11,169,38,16,66,2025-12-31
11,170,49,25,36,2025-12-31
11,171,62,25,65,2025-12-31
11,172,10,23,79,2025-12-31
11,173,50,11,61,2025-12-31
11,174,52,18,76,2025-12-31
11,175,77,15,22,2025-12-31
11,176,36,12,26,2025-12-31
11,177,33,16,22,2025-12-31
11,178,6,20,44,2025-12-31
11,179,19,16,47,2025-12-31
11,180,13,12,70,2025-12-31
12,1,15,14,80,2025-12-31
12,2,17,13,40,2025-12-31
12,3,6,19,52,2025-12-31
12,4,32,19,45,2025-12-31
12,5,40,12,69,2025-12-31
12,6,47,24,37,2025-12-31
12,7,31,20,36,2025-12-31
12,8,52,25,79,2025-12-31
12,9,52,14,69,2025-12-31
12,10,6,8,42,2025-12-31
12,11,28,19,78,2025-12-31
12,12,11,21,65,2025-12-31
12,13,16,19,62,2025-12-31
12,14,37,12,70,2025-12-31
12,15,31,21,74,2025-12-31
12,16,60,18,19,2025-12-31
12,17,70,15,25,2025-12-31
12,18,41,15,56,2025-12-31
12,19,30,11,44,2025-12-31
12,20,31,21,34,2025-12-31
12,21,33,11,59,2025-12-31
12,22,44,22,29,2025-12-31
12,23,20,14,21,2025-12-31
12,24,44,9,39,2025-12-31
12,25,29,19,73,2025-12-31
12,26,52,21,51,2025-12-31
12,27,58,23,69,2025-12-31
12,28,65,20,69,2025-12-31
12,29,31,14,42,2025-12-31
12,30,9,12,48,2025-12-31
12,31,3,16,19,2025-12-31
12,32,28,11,74,2025-12-31
12,33,8,16,30,2025-12-31
12,34,4,10,64,2025-12-31
12,35,27,9,66,2025-12-31
12,36,16,16,34,2025-12-31
12,37,46,10,72,2025-12-31
12,38,68,14,25,2025-12-31
12,39,29,17,35,2025-12-31
12,40,39,8,16,2025-12-31
12,41,5,23,39,2025-12-31
12,42,37,13,70,2025-12-31
12,43,21,15,53,2025-12-31
12,44,14,13,35,2025-12-31
12,45,0,13,16,2025-12-31
12,46,62,18,28,2025-12-31
12,47,5,21,24,2025-12-31
12,48,12,18,33,2025-12-31
12,49,34,20,43,2025-12-31
12,50,39,23,27,2025-12-31
12,51,39,9,47,2025-12-31
12,52,36,18,56,2025-12-31
12,53,18,12,32,2025-12-31
12,54,48,11,45,2025-12-31
12,55,37,21,55,2025-12-31
12,56,8,11,33,2025-12-31
12,57,63,17,17,2025-12-31
12,58,28,20,25,2025-12-31
12,59,51,20,45,2025-12-31
12,60,8,9,43,2025-12-31
12,61,12,22,66,2025-12-31
12,62,23,8,62,2025-12-31
12,63,21,10,50,2025-12-31
12,64,52,21,36,2025-12-31
12,65,5,18,29,2025-12-31
12,66,37,25,39,2025-12-31
12,67,16,8,55,2025-12-31
12,68,43,13,75,2025-12-31
12,69,38,11,29,2025-12-31
12,70,24,17,31,2025-12-31
12,71,74,14,44,2025-12-31
12,72,33,14,44,2025-12-31
12,73,54,13,44,2025-12-31
12,74,10,10,52,2025-12-31
12,75,32,8,58,2025-12-31
12,76,35,10,66,2025-12-31
12,77,36,17,51,2025-12-31
12,78,28,16,43,2025-12-31
12,79,19,20,57,2025-12-31
12,80,0,15,50,2025-12-31
12,81,24,11,75,2025-12-31
12,82,17,19,24,2025-12-31
12,83,29,19,74,2025-12-31
12,84,49,23,28,2025-12-31
12,85,74,20,72,2025-12-31
12,86,44,21,26,2025-12-31
12,87,52,16,19,2025-12-31
12,88,45,16,21,2025-12-31
12,89,47,22,37,2025-12-31
12,90,45,25,34,2025-12-31
12,91,29,21,40,2025-12-31
12,92,28,15,49,2025-12-31
12,93,40,8,21,2025-12-31
12,94,67,13,16,2025-12-31
12,95,48,15,69,2025-12-31
12,96,63,19,72,2025-12-31
12,97,11,10,37,2025-12-31
12,98,39,24,20,2025-12-31
12,99,41,24,80,2025-12-31
12,100,44,10,71,2025-12-31
12,101,10,10,17,2025-12-31
12,102,1,21,50,2025-12-31
12,103,0,10,42,2025-12-31
12,104,27,17,23,2025-12-31
12,105,77,8,21,2025-12-31
12,106,38,24,66,2025-12-31
12,107,13,24,29,2025-12-31
12,108,40,25,70,2025-12-31
12,109,29,21,25,2025-12-31
12,110,37,24,30,2025-12-31
12,111,26,8,63,2025-12-31
12,112,11,9,46,2025-12-31
12,113,25,9,68,2025-12-31
12,114,47,14,41,2025-12-31
12,115,40,18,25,2025-12-31
12,116,56,10,18,2025-12-31
12,117,15,11,15,2025-12-31
12,118,53,25,27,2025-12-31
12,119,36,20,33,2025-12-31
12,120,38,25,67,2025-12-31
12,121,57,11,55,2025-12-31
12,122,32,8,50,2025-12-31
12,123,39,25,63,2025-12-31
12,124,46,11,26,2025-12-31
12,125,46,9,70,2025-12-31
12,126,49,11,69,2025-12-31
12,127,58,17,17,2025-12-31
12,128,44,20,18,2025-12-31
12,129,27,9,68,2025-12-31
12,130,79,25,15,2025-12-31
12,131,34,25,15,2025-12-31
12,132,42,21,40,2025-12-31
12,133,22,22,24,2025-12-31
12,134,0,23,50,2025-12-31
12,135,21,19,45,2025-12-31
12,136,36,13,28,2025-12-31
12,137,45,18,21,2025-12-31
12,138,36,24,58,2025-12-31
12,139,49,19,40,2025-12-31
12,140,53,22,78,2025-12-31
12,141,53,10,18,2025-12-31
12,142,35,11,59,2025-12-31
12,143,37,19,33,2025-12-31
12,144,31,14,67,2025-12-31
12,145,19,20,35,2025-12-31
12,146,61,10,77,2025-12-31
12,147,13,14,47,2025-12-31
12,148,34,11,76,2025-12-31
12,149,39,9,30,2025-12-31
12,150,0,8,75,2025-12-31
12,151,49,16,38,2025-12-31
12,152,29,15,66,2025-12-31
12,153,39,23,70,2025-12-31
12,154,29,19,23,2025-12-31
12,155,8,14,54,2025-12-31
12,156,39,8,72,2025-12-31
12,157,37,9,64,2025-12-31
12,158,53,20,71,2025-12-31
12,159,44,15,24,2025-12-31
12,160,5,17,79,2025-12-31
12,161,55,20,65,2025-12-31
12,162,50,25,26,2025-12-31
12,163,49,16,47,2025-12-31
12,164,44,11,43,2025-12-31
12,165,23,21,62,2025-12-31
12,166,45,20,48,2025-12-31
12,167,29,17,24,2025-12-31
12,168,87,23,65,2025-12-31
12,169,31,22,39,2025-12-31
12,170,15,10,43,2025-12-31
12,171,29,11,61,2025-12-31
12,172,61,24,60,2025-12-31
12,173,25,22,69,2025-12-31
12,174,0,8,19,2025-12-31
12,175,62,15,38,2025-12-31
12,176,41,19,63,2025-12-31
12,177,26,12,34,2025-12-31
12,178,48,11,70,2025-12-31
12,179,19,22,53,2025-12-31
12,180,14,21,62,2025-12-31
